model,segment,TN,FP,FN,TP,FPR,FNR
DecisionTree,<300k,4,0,1,9,0.0,0.1
DecisionTree,300k-700k,12,0,0,15,0.0,0.0
DecisionTree,>700k,294,8,5,506,0.026490066225165563,0.009784735812133072
Random Forest,<300k,4,0,1,9,0.0,0.1
Random Forest,300k-700k,12,0,1,14,0.0,0.06666666666666667
Random Forest,>700k,290,12,5,506,0.039735099337748346,0.009784735812133072
