threshold,FP,FN,cost,profit
0.1,2133,0,170640,-170640
0.2,1771,4,142480,-142480
0.30000000000000004,1484,9,120520,-120520
0.4,1237,73,113560,-113560
0.5,868,253,120040,-120040
0.6,563,488,142640,-142640
0.7000000000000001,426,855,205080,-205080
0.8,187,1767,368360,-368360
0.9,9,3840,768720,-768720
